country,Code,year,gdp_change_%,literacy_rate_%,literacy_change_%
Afghanistan,AFG,2011,6.479,31.44885,
Afghanistan,AFG,2021,-20.737,37.26604,18.497305942824617
Albania,ALB,2001,8.293,98.71298,
Albania,ALB,2008,7.5,95.93864,-2.8105118496068004
Albania,ALB,2011,2.545,96.8453,0.945041539050373
Albania,ALB,2012,1.418,97.24697,0.41475425240049546
Albania,ALB,2018,4.019,98.14115,0.9194939441300676
Albania,ALB,2021,8.909,98.45,0.31469979717988483
Algeria,DZA,1987,-0.7,49.63088,
Algeria,DZA,2002,5.6,69.8735,40.78634108442165
Algeria,DZA,2006,1.684,72.64868,3.9717203231554032
Algeria,DZA,2008,2.36,75.13605,3.423833715905089
Algeria,DZA,2018,1.2,81.40784,8.347244764663554
Angola,AGO,2001,4.206,67.40542,
Angola,AGO,2014,4.823,66.03011,-2.040355211791589
Angola,AGO,2021,1.199,72.28,9.465212158513747
Antigua and Barbuda,ATG,2001,-4.548,98.95,
Antigua and Barbuda,ATG,2011,-1.959,98.95,0.0
Antigua and Barbuda,ATG,2015,3.824,98.95,0.0
Argentina,ARG,1980,0.7,93.91286,
Argentina,ARG,1991,10.498,96.04072,2.2657812785171316
Argentina,ARG,2001,-4.409,97.19331,1.2001055385673975
Argentina,ARG,2006,8.047,98.6108,1.458423424410582
Argentina,ARG,2009,-5.919,98.98342,0.3778693611653061
Argentina,ARG,2010,10.125,98.95497,-0.028742187327934765
Argentina,ARG,2011,6.004,99.10833,0.15497958313765992
Argentina,ARG,2012,-1.026,99.10523,-0.0031278904608633695
Argentina,ARG,2013,2.405,99.12195,0.016870956255288228
Argentina,ARG,2014,-2.513,98.99389,-0.12919439135328226
Argentina,ARG,2015,2.731,99.17996,0.18796109537668748
Argentina,ARG,2016,-2.08,99.12501,-0.05540433773112419
Argentina,ARG,2018,-2.617,99.00387,-0.12220931932314105
Armenia,ARM,2001,9.468,99.40016,0.6563920351555508
Armenia,ARM,2011,4.7,99.74441,0.3463274103381764
Armenia,ARM,2016,0.195,99.74441,0.0
Armenia,ARM,2017,7.518,99.73607,-0.008361370827703052
Armenia,ARM,2020,-7.151,99.78861,0.05267903577914623
Aruba,ABW,2000,7.684,97.29125,
Aruba,ABW,2010,-2.733,96.82264,-0.48165688075751945
Aruba,ABW,2018,2.382,97.80742,1.017096827766717
Aruba,ABW,2020,-23.983,97.99,0.18667295385155214
Azerbaijan,AZE,1999,11.396,98.7918,
Azerbaijan,AZE,2007,25.0,99.59319,0.8111908073342278
Azerbaijan,AZE,2009,9.26,99.75984,0.1673307180942718
Azerbaijan,AZE,2010,5.0,99.77114,0.011327203411726217
Azerbaijan,AZE,2011,0.1,99.77863,0.007507180934296365
Azerbaijan,AZE,2012,2.203,99.77577,-0.002866345228447198
Azerbaijan,AZE,2013,5.843,99.78936,0.0136205413398649
Azerbaijan,AZE,2014,2.768,99.78899,-0.0003707810131259315
Azerbaijan,AZE,2015,1.08,99.78806,-0.0009319665425944201
Azerbaijan,AZE,2016,-3.064,99.79006,0.002004247802789294
Azerbaijan,AZE,2017,0.154,99.79123,0.0011724614656039023
Azerbaijan,AZE,2019,2.48,99.79598,0.00475993732114155
Bahrain,BHR,1981,2.777,69.75351,
Bahrain,BHR,1991,2.286,84.01383,20.443874437286368
Bahrain,BHR,2001,2.491,86.54874,3.0172532308073485
Bahrain,BHR,2010,4.337,90.9774,5.116954908875626
Bahrain,BHR,2011,1.984,92.3,1.4537676389960508
Bangladesh,BGD,1981,3.802,29.22723,
Bangladesh,BGD,1991,3.339,35.3193,20.84381585254573
Bangladesh,BGD,2001,5.077,47.4855,34.446322548861396
Bangladesh,BGD,2007,7.059,46.6636,-1.7308441524254814
Bangladesh,BGD,2011,6.464,58.76918,25.942233346762777
Bangladesh,BGD,2012,6.521,57.86075,-1.545759188744844
Bangladesh,BGD,2013,6.014,61.01554,5.45238352423707
Bangladesh,BGD,2014,6.061,61.0933,0.12744294322397653
Bangladesh,BGD,2015,6.553,65.13733,6.61943290017073
Bangladesh,BGD,2016,7.114,72.75872,11.700494938923644
Bangladesh,BGD,2017,6.59,72.89297,0.18451396616103732
Bangladesh,BGD,2018,7.319,73.9122,1.3982555519414186
Bangladesh,BGD,2019,7.882,74.68446,1.0448342763440976
Bangladesh,BGD,2020,3.448,74.9089,0.3005176712799429
Barbados,BRB,1980,4.371,99.5,
Barbados,BRB,1984,3.6,99.6,0.10050251256281673
Barbados,BRB,1994,2.0,99.6,0.0
Barbados,BRB,2004,1.407,99.6,0.0
Barbados,BRB,2014,-0.126,99.6,0.0
Belarus,BLR,1999,3.354,99.59073,1.7442799527641828
Belarus,BLR,2009,0.168,99.61706,0.026438203636014457
Belarus,BLR,2019,1.446,99.874,0.2579277083664122
Belize,BLZ,1991,11.463,70.29842,
Belize,BLZ,2000,13.02,76.90298,9.395033344988413
Belize,BLZ,2001,5.015,80.9,5.1974838946423185
Benin,BEN,1992,2.958,27.24517,
Benin,BEN,2002,4.643,34.65785,27.207317847530412
Benin,BEN,2006,3.944,28.70211,-17.184389683722458
Benin,BEN,2012,4.811,32.94882,14.795811179038743
Benin,BEN,2018,6.697,42.3624,28.57030995343688
Benin,BEN,2021,7.155,45.84,8.209166619454988
Bhutan,BTN,2005,6.666,52.81469,
Bhutan,BTN,2012,6.495,55.31756,4.738965617331092
Bhutan,BTN,2017,6.322,66.56115,20.32553496575047
Bhutan,BTN,2021,-3.332,70.95,6.593711196396113
Bolivia,BOL,1992,1.647,79.99177,
Bolivia,BOL,2001,1.684,86.72367,8.415740769331649
Bolivia,BOL,2007,4.564,90.74347,4.635182067364085
Bolivia,BOL,2008,6.148,90.69811,-0.049987067939982754
Bolivia,BOL,2009,3.357,91.16783,0.5178939230376489
Bolivia,BOL,2011,5.204,92.22615,1.1608480754669914
Bolivia,BOL,2012,5.122,94.46057,2.4227618739370627
Bolivia,BOL,2015,4.857,92.45508,-2.123097499835125
Bolivia,BOL,2020,-8.738,93.85256,1.5115232175452187
Bosnia and Herzegovina,BIH,2000,4.442,96.6631,8.53267872988277
Bosnia and Herzegovina,BIH,2011,0.908,98.14204,1.5299943825513473
Bosnia and Herzegovina,BIH,2013,2.351,96.99177,-1.1720461486229516
Bosnia and Herzegovina,BIH,2021,7.39,98.1,1.142602099126555
Botswana,BWA,1991,6.237,68.58091,
Botswana,BWA,2003,5.388,81.18871,18.38383305208402
Botswana,BWA,2013,11.103,86.82318,6.939967392017921
Brazil,BRA,1980,9.19,74.58673,
Brazil,BRA,2000,4.388,86.36788,15.795235962214726
Brazil,BRA,2004,5.76,88.61624,2.6032362957155053
Brazil,BRA,2006,3.962,89.61523,1.1273215834930461
Brazil,BRA,2007,6.07,90.00937,0.4398136343565895
Brazil,BRA,2008,5.094,90.03662,0.030274625852833026
Brazil,BRA,2009,-0.126,90.29821,0.2905373391404398
Brazil,BRA,2010,7.528,90.37918,0.08966955158913326
Brazil,BRA,2011,3.974,91.41124,1.1419222878543467
Brazil,BRA,2012,1.921,91.33785,-0.08028553162608976
Brazil,BRA,2013,3.005,91.48424,0.16027309598374284
Brazil,BRA,2014,0.504,91.72943,0.2680133758557801
Brazil,BRA,2015,-3.546,92.0479,0.3471841043817703
Brazil,BRA,2016,-3.276,92.80844,0.8262437274506151
Brazil,BRA,2017,1.323,93.07582,0.28809879791102944
Brazil,BRA,2018,1.784,93.2275,0.16296391479551087
Brazil,BRA,2021,4.989,94.3,1.1504116274704268
Brunei,BRN,1991,3.146,87.80418,12.952486315775925
Brunei,BRN,2001,2.745,92.67113,5.542959344304577
Brunei,BRN,2011,3.744,96.08556,3.6844592269458687
Brunei,BRN,2018,0.052,97.21411,1.1745261202619872
Brunei,BRN,2021,-1.591,97.59,0.3866619773611024
Bulgaria,BGR,2001,3.824,98.20356,
Bulgaria,BGR,2011,2.101,98.35245,0.15161364822213752
Bulgaria,BGR,2021,7.635,98.42,0.06868156309272067
Burkina Faso,BFA,1991,9.07,13.56923,
Burkina Faso,BFA,1996,11.015,12.84817,-5.313934541606269
Burkina Faso,BFA,2003,7.802,21.82292,69.85236029722522
Burkina Faso,BFA,2005,8.662,23.5222,7.786675660269116
Burkina Faso,BFA,2006,6.253,22.47258,-4.462252680446566
Burkina Faso,BFA,2007,4.111,28.29366,25.903033830561494
Burkina Faso,BFA,2014,4.327,34.5994,22.286759648628006
Burkina Faso,BFA,2018,6.603,39.34585,13.718301473435934
Burkina Faso,BFA,2021,6.905,46.04,17.01361134655879
Burundi,BDI,1990,3.458,37.38472,
Burundi,BDI,2000,1.781,59.30362,58.63063839985963
Burundi,BDI,2008,4.862,48.08406,-18.918845089051906
Burundi,BDI,2014,4.241,61.51349,27.929068385656276
Burundi,BDI,2017,0.5,68.37533,11.155016566284903
Burundi,BDI,2021,3.119,74.71,9.264554920612422
Cambodia,KHM,1998,4.682,67.33503,
Cambodia,KHM,2004,10.341,73.60995,9.318953299642097
Cambodia,KHM,2008,6.692,76.87129,4.4305695086058305
Cambodia,KHM,2009,0.087,76.13796,-0.9539712420592816
Cambodia,KHM,2014,7.143,78.05509,2.5179686978742177
Cambodia,KHM,2015,7.036,80.52649,3.1662252903686294
Cambodia,KHM,2021,3.026,83.91,4.201735354415681
Cameroon,CMR,2000,3.363,68.40916,
Cameroon,CMR,2007,4.1,70.67994,3.3194092720916446
Cameroon,CMR,2010,2.935,71.29051,0.8638518934792394
Cameroon,CMR,2018,4.022,77.07104,8.108414429915012
Cameroon,CMR,2020,0.539,78.23,1.5037554962278987
Cape Verde,CPV,1990,0.692,62.79686,
Cape Verde,CPV,2000,7.267,76.11044,21.20102820427645
Cape Verde,CPV,2012,1.084,85.32779,12.110493645812582
Cape Verde,CPV,2015,0.936,86.79029,1.713978529152116
Cape Verde,CPV,2021,6.415,90.78,4.5969543367121
Central African Republic,CAF,1988,1.718,33.62442,
Central African Republic,CAF,2000,-3.581,50.64517,50.6202040064929
Central African Republic,CAF,2010,4.631,36.75261,-27.431164709290158
Central African Republic,CAF,2018,3.82,37.39582,1.7501069992035934
Central African Republic,CAF,2020,0.959,37.49,0.25184632934911466
Chad,TCD,1993,-2.074,10.89465,
Chad,TCD,2000,-0.88,25.65421,135.47530209781863
Chad,TCD,2004,33.629,28.38143,10.630691804581005
Chad,TCD,2015,1.77,26.00299,-8.38026836561795
Chad,TCD,2016,-5.558,22.31155,-14.19621358928339
Chad,TCD,2021,-1.187,26.76,19.937879708043592
Chile,CHL,1982,-13.588,91.1284,
Chile,CHL,1992,11.167,94.29114,3.47064142462723
Chile,CHL,2002,3.203,95.71662,1.51178573087567
Chile,CHL,2008,3.789,97.72245,2.095592176154981
Chile,CHL,2009,-1.118,97.66423,-0.05957689353878193
Chile,CHL,2011,6.224,96.70301,-0.9842088551765493
Chile,CHL,2013,3.309,96.26706,-0.4508132683770705
Chile,CHL,2015,2.152,96.87413,0.6306103042930777
Chile,CHL,2017,1.358,96.40228,-0.4870753419927376
Chile,CHL,2021,11.737,97.04,0.6615196238097365
China,CHN,1982,9.0,65.50509,
China,CHN,1990,3.888,77.78506,18.746589005526147
China,CHN,2000,8.472,90.92021,16.88646894403629
China,CHN,2010,10.611,95.12448,4.624131422485722
China,CHN,2018,6.751,96.84089,1.8043830568114538
China,CHN,2020,2.242,97.15,0.319193679446772
Colombia,COL,1993,5.71,91.06309,
Colombia,COL,1996,2.056,91.20716,0.15820899554364054
Colombia,COL,2004,5.333,92.80378,1.7505423916280183
Colombia,COL,2005,4.447,92.84866,0.048360099125255296
Colombia,COL,2006,6.717,92.29968,-0.5912632449407429
Colombia,COL,2007,6.738,92.65179,0.38148561295121564
Colombia,COL,2008,3.283,93.37818,0.7839999637351713
Colombia,COL,2009,1.14,93.24469,-0.14295630949328064
Colombia,COL,2010,4.495,93.37233,0.13688715142921026
Colombia,COL,2011,6.948,93.58053,0.22297826347483785
Colombia,COL,2014,4.499,94.18625,0.6472713928848295
Colombia,COL,2015,2.956,94.24505,0.06242949475110393
Colombia,COL,2016,2.087,94.65385,0.4337628342284239
Colombia,COL,2018,2.565,95.09251,0.463435982794147
Colombia,COL,2019,3.187,95.24927,0.1648499971238504
Colombia,COL,2020,-7.252,95.63633,0.4063653191252792
Comoros,COM,1980,7.383,47.91923,
Comoros,COM,2000,-0.967,68.48923,42.92639927644917
Comoros,COM,2012,3.168,49.19614,-28.169523879885936
Comoros,COM,2018,3.642,58.81702,19.556168431100485
Comoros,COM,2021,2.112,61.99,5.394662973404651
Congo,COG,1984,2.375,59.61912,
Congo,COG,2005,9.211,76.11479,27.66842247923149
Congo,COG,2011,2.206,79.31117,4.19942037546186
Congo,COG,2018,-2.304,80.29876,1.2452092183232066
Congo,COG,2021,,80.61,0.3876024984694526
Costa Rica,CRI,1984,8.028,92.62904,
Costa Rica,CRI,2000,3.869,94.86819,2.4173304613758217
Costa Rica,CRI,2011,4.403,97.40658,2.6757019397123605
Costa Rica,CRI,2018,2.616,97.86379,0.4693830745315042
Costa Rica,CRI,2021,7.781,98.04,0.180056382447491
Cote d'Ivoire,CIV,1988,1.14,34.13928,
Cote d'Ivoire,CIV,1998,4.931,36.35024,6.476293583227299
Cote d'Ivoire,CIV,2000,-2.068,48.74076,34.086487461980994
Cote d'Ivoire,CIV,2012,10.864,40.98163,-15.919181399715555
Cote d'Ivoire,CIV,2014,8.794,43.90842,7.14171203048779
Cote d'Ivoire,CIV,2019,6.518,89.89342,104.72934348355056
Croatia,HRV,2001,3.11,98.14668,1.4944227884661654
Croatia,HRV,2011,-0.091,99.12536,0.9971605763944291
Croatia,HRV,2021,13.086,99.45,0.32750448522962383
Cyprus,CYP,1992,9.365,94.36247,
Cyprus,CYP,2001,3.952,96.80363,2.5870030744214345
Cyprus,CYP,2011,0.416,98.67843,1.9367042330953987
Cyprus,CYP,2021,6.629,99.36,0.6906980583294642
Democratic Republic of Congo,COD,2001,-2.1,67.17299,
Democratic Republic of Congo,COD,2007,8.53,61.20555,-8.883689709211984
Democratic Republic of Congo,COD,2012,8.669,75.01719,22.565992789869547
Democratic Republic of Congo,COD,2016,0.394,77.04268,2.7000344854292813
Democratic Republic of Congo,COD,2021,,80.02,3.8645073094549565
Dominican Republic,DOM,1981,4.279,73.06457,
Dominican Republic,DOM,2002,4.495,86.99647,19.0679285459423
Dominican Republic,DOM,2007,7.416,88.24446,1.4345294699888322
Dominican Republic,DOM,2010,8.34,89.53873,1.4666869738904742
Dominican Republic,DOM,2011,3.133,90.10638,0.6339714668724961
Dominican Republic,DOM,2012,2.717,90.15518,0.05415820722127762
Dominican Republic,DOM,2013,4.875,90.85815,0.7797333442182586
Dominican Republic,DOM,2014,7.05,91.76376,0.9967295173850754
Dominican Republic,DOM,2015,6.927,91.99121,0.24786473440059353
Dominican Republic,DOM,2016,6.659,93.77846,1.9428486699979208
Dominican Republic,DOM,2021,12.272,95.17,1.4838588733489644
East Timor,TLS,2001,16.348,37.6,
East Timor,TLS,2007,10.262,50.6,34.57446808510638
East Timor,TLS,2010,9.329,58.30898,15.23513833992094
East Timor,TLS,2018,-0.69,68.06683,16.734729367586265
East Timor,TLS,2020,-8.282,69.9,2.6931913826455656
Ecuador,ECU,1982,1.2,83.55269,
Ecuador,ECU,1990,3.008,88.29876,5.680331776271963
Ecuador,ECU,2001,4.016,90.98403,3.0411185842247335
Ecuador,ECU,2007,2.19,92.09679,1.2230278214759194
Ecuador,ECU,2008,6.357,92.39005,0.31842586478856294
Ecuador,ECU,2009,0.566,92.24976,-0.15184535564165547
Ecuador,ECU,2010,3.525,91.85404,-0.42896588565650706
Ecuador,ECU,2011,7.868,91.5869,-0.2908309748814508
Ecuador,ECU,2012,5.642,92.06473,0.5217230848516552
Ecuador,ECU,2013,4.947,93.29463,1.335907898714317
Ecuador,ECU,2014,3.789,94.22264,0.9947089130424747
Ecuador,ECU,2015,0.099,94.45566,0.24730786571041108
Ecuador,ECU,2016,-1.226,94.35023,-0.11161850967956743
Ecuador,ECU,2017,2.368,92.82979,-1.611485207826191
Ecuador,ECU,2020,-7.788,93.6261,0.8578173019673896
Ecuador,ECU,2021,4.235,94.48359,0.9158664090462176
Egypt,EGY,1986,4.759,44.42399,
Egypt,EGY,1996,4.879,55.587,25.128337188982798
Egypt,EGY,2005,4.472,67.33187,21.1288070951841
Egypt,EGY,2006,6.844,66.36991,-1.4286845144802718
Egypt,EGY,2010,5.147,72.04785,8.554991260346734
Egypt,EGY,2012,2.226,73.86559,2.5229621702798966
Egypt,EGY,2013,3.302,72.4425,-1.9265939661485154
Egypt,EGY,2017,4.191,71.16825,-1.7589812610000921
Egypt,EGY,2021,3.253,73.09,2.7002912113196498
El Salvador,SLV,1992,7.021,74.14316,
El Salvador,SLV,2006,4.366,83.55946,12.700160068710332
El Salvador,SLV,2007,1.846,82.02863,-1.8320247641619436
El Salvador,SLV,2008,2.096,83.9513,2.343901147684657
El Salvador,SLV,2009,-2.053,84.10289,0.1805689727258475
El Salvador,SLV,2010,2.096,84.49272,0.4635155819258996
El Salvador,SLV,2011,3.801,85.49399,1.185037006738554
El Salvador,SLV,2013,2.235,86.76758,1.489683660804686
El Salvador,SLV,2015,2.4,87.96985,1.3856212193540385
El Salvador,SLV,2016,2.515,88.14177,0.19543059354993897
El Salvador,SLV,2017,2.262,88.48271,0.3868086606384269
El Salvador,SLV,2018,2.422,89.0086,0.5943421036720187
El Salvador,SLV,2019,2.456,89.13792,0.14528933159267954
El Salvador,SLV,2020,-7.878,89.98453,0.9497753593532554
Equatorial Guinea,GNQ,2000,110.505,88.3083,
Equatorial Guinea,GNQ,2010,-8.924,94.37054,6.8648586825927005
Eritrea,ERI,2002,3.005,52.51395,
Eritrea,ERI,2008,-19.436,64.66297,23.13484321784973
Eritrea,ERI,2018,13.032,76.57052,18.414789793911424
Estonia,EST,2000,10.088,99.7672,0.040871808920495134
Estonia,EST,2011,7.263,99.88579,0.11886672172818358
Estonia,EST,2021,7.249,99.87,-0.01580805437889632
Eswatini,SWZ,1986,18.584,67.23938,
Eswatini,SWZ,2000,1.76,81.6607,21.447728994526738
Eswatini,SWZ,2010,3.794,83.09829,1.7604429058286408
Eswatini,SWZ,2018,2.369,88.41938,6.403368829851974
Eswatini,SWZ,2020,-1.56,89.28,0.973338650418043
Ethiopia,ETH,1994,3.486,27.01135,
Ethiopia,ETH,2004,11.7,35.9,32.907092759154935
Ethiopia,ETH,2005,12.6,29.82034,-16.934986072423385
Ethiopia,ETH,2007,11.8,38.99598,30.76973636115483
Ethiopia,ETH,2017,10.21,51.77118,32.76029990783664
Gabon,GAB,1993,3.947,72.23367,
Gabon,GAB,2012,5.251,82.2838,13.913359240919076
Gabon,GAB,2018,0.909,84.66716,2.896511828573778
Gabon,GAB,2021,1.468,85.46,0.9364197405463903
Gambia,GMB,2000,5.525,36.81773,
Gambia,GMB,2013,2.873,41.95005,13.939805631688863
Gambia,GMB,2015,4.058,50.77797,21.0438843338685
Gambia,GMB,2021,5.256,58.06,14.340923829763174
Georgia,GEO,2002,5.474,99.65235,
Georgia,GEO,2014,4.441,99.58619,-0.06639080764276883
Georgia,GEO,2017,4.843,99.36426,-0.22285218462519962
Georgia,GEO,2019,4.982,99.55844,0.195422378227339
Ghana,GHA,2000,3.596,57.89747,
Ghana,GHA,2010,7.768,71.49707,23.489109282322683
Ghana,GHA,2018,6.2,79.03964,10.549481258462778
Ghana,GHA,2020,0.514,80.38,1.6958073189604406
Greece,GRC,1981,-1.556,90.51232,
Greece,GRC,1991,3.102,92.61045,2.3180601270633705
Greece,GRC,2001,4.132,95.99436,3.6539181053542036
Greece,GRC,2005,0.599,93.04431,-3.073149297521238
Greece,GRC,2007,3.274,93.93155,0.9535671767569642
Greece,GRC,2009,-4.301,93.90511,-0.028148156822715986
Greece,GRC,2011,-10.149,97.36874,3.688436124509109
Greece,GRC,2018,1.668,97.93595,0.5825380917941381
Grenada,GRD,1980,15.067,98.4,
Grenada,GRD,1984,3.963,98.6,0.20325203252031798
Grenada,GRD,1994,1.838,98.6,0.0
Grenada,GRD,2004,-0.647,98.6,0.0
Grenada,GRD,2014,7.342,98.6,0.0
Guatemala,GTM,1994,3.5,64.21164,
Guatemala,GTM,2002,3.839,69.10173,7.615581847777131
Guatemala,GTM,2012,2.975,78.26486,13.260348185204606
Guatemala,GTM,2013,3.695,77.03867,-1.5667184481004681
Guatemala,GTM,2014,4.444,81.2859,5.513114387878204
Guatemala,GTM,2018,3.407,80.81068,-0.5846278382843684
Guatemala,GTM,2021,8.002,83.35,3.142307427681579
Guinea,GIN,1996,4.462,20.55375,
Guinea,GIN,2003,1.249,29.70402,44.518737456668475
Guinea,GIN,2010,4.219,25.30774,-14.800286291215803
Guinea,GIN,2014,3.697,32.00384,26.458703938004735
Guinea,GIN,2018,6.358,39.61768,23.790395152581702
Guinea,GIN,2021,5.048,45.33,14.418613104048482
Guinea-Bissau,GNB,2000,1.1,41.35777,
Guinea-Bissau,GNB,2014,0.965,45.58116,10.2118416926251
Guinea-Bissau,GNB,2021,6.4,52.89,16.0347827918377
Guyana,GUY,2009,3.319,84.99401,
Guyana,GUY,2014,1.686,85.63973,0.7597241264413856
Guyana,GUY,2021,20.06,88.85,3.7485755735100934
Haiti,HTI,1982,-2.797,34.73469,
Haiti,HTI,2003,3.481,58.7439,69.12170513109514
Haiti,HTI,2006,1.769,48.68502,-17.12327577842124
Haiti,HTI,2016,1.812,61.69135,26.71526066950367
Honduras,HND,2001,2.723,80.01103,
Honduras,HND,2007,6.188,83.58899,4.471833445963624
Honduras,HND,2010,3.731,84.75536,1.3953631931669541
Honduras,HND,2011,3.836,85.1233,0.4341200367740772
Honduras,HND,2012,4.129,85.35555,0.2728395163251296
Honduras,HND,2013,2.792,85.46442,0.12754882371446286
Honduras,HND,2014,3.058,87.19753,2.0278731195976007
Honduras,HND,2015,3.84,87.90683,0.8134404724537525
Honduras,HND,2016,3.893,88.98748,1.2293128986678337
Honduras,HND,2018,3.845,87.20524,-2.0027985959373162
Honduras,HND,2019,2.653,88.50743,1.4932474241226679
Hungary,HUN,1980,0.215,98.85829,
Hungary,HUN,1990,-3.497,99.1,0.2445014980534177
Hungary,HUN,2014,4.232,99.1,0.0
Hungary,HUN,2021,7.2,99.1,0.0
India,IND,1981,6.006,40.76359,
India,IND,1991,1.057,48.22207,18.296916439400945
India,IND,2001,4.944,61.01456,26.528288810496935
India,IND,2006,9.264,62.75447,2.8516308238557997
India,IND,2011,6.638,69.30256,10.434459887877324
India,IND,2018,6.454,74.37299,7.31636753389775
Indonesia,IDN,1980,9.88,67.31267,
Indonesia,IDN,1990,9.002,81.51985,21.106249388116694
Indonesia,IDN,2004,5.031,90.38479,10.874578400230117
Indonesia,IDN,2006,5.501,91.98227,1.767421266343594
Indonesia,IDN,2008,7.442,92.1923,0.2283374828649043
Indonesia,IDN,2009,4.702,92.5817,0.422378007707791
Indonesia,IDN,2011,6.17,92.81191,0.24865605189794415
Indonesia,IDN,2014,5.007,95.11622,2.482774031910351
Indonesia,IDN,2015,4.876,95.21793,0.10693234024647946
Indonesia,IDN,2016,5.033,95.37697,0.1670273655392407
Indonesia,IDN,2018,5.174,95.65856,0.295238986937818
Indonesia,IDN,2020,-2.066,95.99901,0.3559012387391203
Iran,IRN,1986,-9.785,52.31976,
Iran,IRN,1991,12.716,65.5314,25.251721338171286
Iran,IRN,1996,6.351,73.06025,11.48891981553879
Iran,IRN,2002,8.079,77.0,5.392467176063587
Iran,IRN,2005,3.19,82.4412,7.06649350649351
Iran,IRN,2006,5.0,82.33132,-0.13328287312652787
Iran,IRN,2008,0.251,82.9623,0.7663912105380977
Iran,IRN,2012,-3.747,83.62599,0.7999898749190937
Iran,IRN,2013,-1.522,84.6268,1.1967690905662298
Iran,IRN,2014,4.985,84.70524,0.09268931355079779
Iran,IRN,2016,8.815,85.54425,0.9905054279994996
Iran,IRN,2021,4.72,88.74,3.735785865210106
Iraq,IRQ,2000,-4.341,74.0522,
Iraq,IRQ,2012,13.936,77.2,4.250785256886358
Iraq,IRQ,2013,7.628,72.7,-5.829015544041449
Iraq,IRQ,2014,0.738,82.2,13.067400275103157
Iraq,IRQ,2016,15.199,83.3,1.338199513381988
Iraq,IRQ,2017,-3.399,85.6,2.761104441776707
Israel,ISR,1983,2.586,91.75141,
Italy,ITA,1981,0.557,96.46054,
Italy,ITA,2001,1.951,98.41662,2.027855120860811
Italy,ITA,2011,0.707,98.84828,0.43860478037145434
Italy,ITA,2018,0.926,99.15576,0.31106256982924574
Italy,ITA,2019,0.483,99.3491,0.19498615108191064
Jamaica,JAM,1999,0.981,79.92012,
Jamaica,JAM,2014,0.575,88.1,10.235069717112545
Jordan,JOR,2003,3.98,89.89232,
Jordan,JOR,2005,8.822,91.13075,1.377681652893159
Jordan,JOR,2007,8.373,92.19958,1.1728532904645261
Jordan,JOR,2010,2.315,92.55104,0.381194795030515
Jordan,JOR,2011,2.737,95.90445,3.623308825054794
Jordan,JOR,2012,2.429,97.89032,2.070675552594281
Jordan,JOR,2018,1.919,98.22711,0.34404831856713614
Jordan,JOR,2021,2.223,98.42,0.1963714497962954
Kazakhstan,KAZ,1999,2.7,99.51266,2.0335205658028377
Kazakhstan,KAZ,2009,1.2,99.73241,0.22082617427772178
Kazakhstan,KAZ,2010,7.299,99.78163,0.04935206118050761
Kazakhstan,KAZ,2018,4.1,99.78163,0.0
Kazakhstan,KAZ,2020,-2.6,99.8,0.01841020235888724
Kenya,KEN,2000,0.347,82.22908,
Kenya,KEN,2007,6.851,72.15703,-12.248768927002452
Kenya,KEN,2014,5.02,78.73304,9.113470995133799
Kenya,KEN,2018,5.671,81.53497,3.5587727845895367
Kenya,KEN,2021,7.59,82.62,1.3307541537085354
Kuwait,KWT,1985,-4.258,74.49087,10.32797937606249
Kuwait,KWT,1995,1.669,78.3955,5.241756472974468
Kuwait,KWT,2005,10.609,93.27446,18.97935468234784
Kuwait,KWT,2006,7.515,93.28212,0.008212323073220062
Kuwait,KWT,2007,5.992,93.66419,0.409585459678663
Kuwait,KWT,2008,2.48,93.8983,0.24994611067474803
Kuwait,KWT,2010,-2.371,94.46901,0.6077958812885864
Kuwait,KWT,2012,6.626,95.51317,1.1052936830818982
Kuwait,KWT,2013,1.149,95.58582,0.07606280892991091
Kuwait,KWT,2015,0.593,95.68545,0.10423094136766675
Kuwait,KWT,2017,-4.712,96.03595,0.3663043858810333
Kuwait,KWT,2018,2.434,96.05647,0.021366998504213086
Kuwait,KWT,2020,-8.855,96.45754,0.4175356433564481
Kyrgyzstan,KGZ,1999,3.656,98.70161,
Kyrgyzstan,KGZ,2009,2.886,99.24343,0.5489474791748661
Kyrgyzstan,KGZ,2018,3.459,99.586,0.34518153997700196
Kyrgyzstan,KGZ,2019,4.601,99.6,0.014058200951927446
Laos,LAO,1995,7.045,60.25133,
Laos,LAO,2000,6.429,69.58312,15.488106237654819
Laos,LAO,2001,4.772,68.73439,-1.2197354760752122
Laos,LAO,2005,6.94,72.70226,5.772758003671807
Laos,LAO,2011,7.986,58.28794,-19.82650883205006
Laos,LAO,2015,7.27,84.66104,45.2462379010135
Laos,LAO,2021,,87.07,2.8454174434899393
Latvia,LVA,2000,5.676,99.74657,0.29589059277665974
Latvia,LVA,2011,2.574,99.8959,0.14970940855409953
Latvia,LVA,2018,3.992,99.88931,-0.006596867338903856
Latvia,LVA,2021,4.277,99.89,0.0006907646073583962
Lebanon,LBN,2007,9.312,89.61244,
Lebanon,LBN,2009,10.234,91.18419,1.753941751837118
Lebanon,LBN,2018,-1.885,95.06944,4.260881190039623
Lebanon,LBN,2019,-6.915,95.3,0.24251746933610097
Lesotho,LSO,2000,3.953,86.25443,
Lesotho,LSO,2009,0.362,75.8002,-12.120223854009582
Lesotho,LSO,2014,2.068,76.6352,1.1015802069123781
Lesotho,LSO,2021,1.793,81.02,5.721652713113556
Liberia,LBR,2007,13.103,42.94108,33.74462769067086
Liberia,LBR,2017,2.469,48.30136,12.482871879328616
Libya,LBY,1984,-8.306,60.16439,
Libya,LBY,1994,3.219,76.5,27.151625737417096
Libya,LBY,2004,5.845,86.1,12.549019607843137
Lithuania,LTU,2001,6.526,99.64575,1.2235518700642656
Lithuania,LTU,2011,6.039,99.8156,0.17045383270235526
Lithuania,LTU,2021,5.981,99.83,0.014426602655293053
Macao,MAC,2006,13.39,93.49975,2.4145583724563435
Macao,MAC,2011,21.617,95.64004,2.289086334455437
Macao,MAC,2016,-0.679,96.53849,0.93940780451367
Macao,MAC,2021,19.267,97.11,0.5920022159037419
Madagascar,MDG,2000,4.457,70.68617,
Madagascar,MDG,2005,4.756,58.93594,-16.62309614454992
Madagascar,MDG,2009,-3.979,64.48091,9.408469602758519
Madagascar,MDG,2012,3.011,71.57262,10.99815433746205
Madagascar,MDG,2018,3.194,76.67968,7.1354939919762606
Madagascar,MDG,2021,5.74,77.25,0.7437694054017951
Malawi,MWI,1987,1.625,48.53665,
Malawi,MWI,1998,1.061,64.13425,32.13571600017717
Malawi,MWI,2010,6.874,61.30972,-4.4040898583829975
Malawi,MWI,2014,5.7,65.14537,6.256185805448133
Malawi,MWI,2015,2.95,62.14354,-4.607894620907061
Malawi,MWI,2021,4.567,67.31,8.313752322445755
Malaysia,MYS,1980,7.444,69.51633,
Malaysia,MYS,1991,9.547,82.91537,19.27466539157059
Malaysia,MYS,2000,8.671,88.68776,6.96178525163671
Malaysia,MYS,2010,7.528,93.11789,4.9951988865205355
Malaysia,MYS,2016,4.45,94.88058,1.8929660025586825
Malaysia,MYS,2017,5.813,95.08265,0.2129729814046355
Malaysia,MYS,2018,4.843,94.85441,-0.24004379347861704
Malaysia,MYS,2019,4.413,94.97113,0.12305173792130919
Maldives,MDV,1985,13.801,92.23005,
Maldives,MDV,1990,-4.049,96.01826,4.107348960561108
Maldives,MDV,1995,7.377,96.3265,0.3210222722219713
Maldives,MDV,2000,4.77,96.3265,0.0
Maldives,MDV,2006,26.112,98.3979,2.150394751184792
Maldives,MDV,2014,7.33,98.61012,0.21567533453457077
Maldives,MDV,2016,6.338,97.73495,-0.8875052580810117
Maldives,MDV,2021,41.747,97.86,0.1279480881711148
Mali,MLI,1998,2.926,19.04497,
Mali,MLI,2003,9.119,24.0,26.017525887412795
Mali,MLI,2006,4.662,26.17655,9.06895833333332
Mali,MLI,2010,5.413,31.09975,18.807673280092295
Mali,MLI,2011,3.24,30.61867,-1.546893463773824
Mali,MLI,2015,6.172,33.06889,8.00237240872972
Mali,MLI,2018,4.746,35.47377,7.272333604182046
Mali,MLI,2020,-1.244,30.76141,-13.284068764047351
Malta,MLT,2005,3.384,92.36309,5.114893016512134
Malta,MLT,2011,0.467,93.30736,1.0223456144657028
Malta,MLT,2018,7.416,94.50319,1.2816030804000844
Malta,MLT,2021,12.298,94.94,0.4622172013452497
Marshall Islands,MHL,2011,-0.048,98.26508,
Mauritania,MRT,2000,-3.918,51.20768,
Mauritania,MRT,2007,-1.969,45.50378,-11.138758873668952
Mauritania,MRT,2013,4.151,62.06875,36.403503181493946
Mauritania,MRT,2017,6.271,53.49759,-13.809139059510622
Mauritania,MRT,2021,2.445,66.96,25.16451675673612
Mauritius,MUS,1990,7.187,79.86866,
Mauritius,MUS,2000,8.192,84.30309,5.55215274677201
Mauritius,MUS,2011,4.078,89.24984,5.86781575859201
Mauritius,MUS,2012,3.496,91.76601,2.8192431493434533
Mauritius,MUS,2013,3.36,91.49003,-0.3007431618744172
Mauritius,MUS,2014,3.827,92.47476,1.076324928519523
Mauritius,MUS,2015,3.691,92.7076,0.2517876229146232
Mauritius,MUS,2016,3.862,93.15784,0.4856559764248036
Mauritius,MUS,2021,3.399,92.15,-1.0818627825634253
Mexico,MEX,1980,9.482,82.98924,
Mexico,MEX,1990,5.25,87.55615,5.503014607676859
Mexico,MEX,2000,5.029,90.53562,3.40292486592888
Mexico,MEX,2002,-0.237,90.27465,-0.2882511877645544
Mexico,MEX,2004,3.565,90.95374,0.7522488317595277
Mexico,MEX,2005,2.113,91.63027,0.7438176813839625
Mexico,MEX,2006,4.805,91.73452,0.11377244659434016
Mexico,MEX,2007,2.078,92.79517,1.1562168745200774
Mexico,MEX,2008,0.943,92.9256,0.1405568845878502
Mexico,MEX,2009,-6.295,93.44188,0.555584252348118
Mexico,MEX,2010,4.971,93.06894,-0.3991144013797632
Mexico,MEX,2011,3.444,93.51998,0.4846299957859346
Mexico,MEX,2012,3.553,94.2284,0.7575065777387868
Mexico,MEX,2013,0.852,93.96285,-0.28181524890583676
Mexico,MEX,2014,2.504,94.55588,0.6311324103089655
Mexico,MEX,2015,2.702,94.47228,-0.08841332765344712
Mexico,MEX,2016,1.772,94.85962,0.41000386568421643
Mexico,MEX,2017,1.872,94.97278,0.11929206547527382
Mexico,MEX,2018,1.972,95.37991,0.42868072304507177
Mexico,MEX,2020,-8.652,95.24785,-0.13845683016475707
Moldova,MDA,2000,2.1,96.6538,0.28663314226187175
Moldova,MDA,2014,5.0,99.35989,2.7997761081302475
Moldova,MDA,2021,13.9,99.6,0.24165686978920853
Mongolia,MNG,2000,1.146,97.76885,
Mongolia,MNG,2010,7.313,98.257,0.4992899067545631
Mongolia,MNG,2020,-4.558,99.18327,0.9427012833691073
Montenegro,MNE,2003,2.5,97.77346,4.612233709390501
Montenegro,MNE,2011,3.2,98.44221,0.6839790675301938
Montenegro,MNE,2018,5.078,98.84718,0.41137841176055456
Montenegro,MNE,2021,13.043,98.98,0.134369033087256
Morocco,MAR,1982,9.619,30.2578,
Morocco,MAR,1994,11.494,41.59411,37.46574437004673
Morocco,MAR,2004,4.802,52.30626,25.75400699762538
Morocco,MAR,2008,5.923,55.14792,5.432734055158983
Morocco,MAR,2009,4.244,56.08367,1.6968001694352086
Morocco,MAR,2011,5.246,67.08416,19.614426088734916
Morocco,MAR,2012,3.01,69.42539,3.489989291063633
Morocco,MAR,2014,2.669,75.5862,8.874001283968314
Morocco,MAR,2018,3.066,73.75001,-2.42926618880166
Morocco,MAR,2021,8.021,75.93,2.955918243265332
Mozambique,MOZ,1980,4.228,26.99771,
Mozambique,MOZ,1997,11.301,38.70788,43.37467881535137
Mozambique,MOZ,2003,6.878,48.15884,24.416113721547127
Mozambique,MOZ,2009,6.318,50.58381,5.035357994503187
Mozambique,MOZ,2015,6.723,56.039,10.78445850559695
Mozambique,MOZ,2017,3.741,60.65543,8.237887899498574
Mozambique,MOZ,2021,2.359,63.42,4.55782771633142
Myanmar,MMR,2000,12.418,89.94176,14.472814893036713
Myanmar,MMR,2016,6.408,75.5512,-15.999864801400376
Myanmar,MMR,2019,6.75,89.06995,17.893494742638126
Namibia,NAM,1991,5.343,75.81658,
Namibia,NAM,2001,2.393,84.94426,12.039160827354657
Namibia,NAM,2007,3.646,76.48659,-9.956729271642361
Namibia,NAM,2011,5.091,88.27463,15.411904230532425
Namibia,NAM,2018,1.06,91.52727,3.684682677231277
Namibia,NAM,2021,3.525,92.25,0.7896335157816958
Nepal,NPL,1981,8.341,20.57367,
Nepal,NPL,1991,6.366,32.97559,60.28054304360864
Nepal,NPL,2001,5.629,48.60897,47.408947042342554
Nepal,NPL,2011,3.422,59.62725,22.667174391886924
Nepal,NPL,2018,7.622,67.90843,13.888247403661925
Nepal,NPL,2021,4.838,71.15,4.773442708070275
Nicaragua,NIC,2001,2.961,76.67713,
Nicaragua,NIC,2005,4.244,78.00298,1.7291335760740933
Nicaragua,NIC,2015,4.792,82.61455,5.912043360394703
Niger,NER,2001,7.269,14.37604,
Niger,NER,2005,7.335,28.67242,99.44588356738015
Niger,NER,2012,10.542,30.56039,6.584620342475467
Niger,NER,2018,7.007,35.05,14.690944716346866
Niger,NER,2021,1.399,37.34,6.533523537803165
Nigeria,NGA,1991,-0.552,55.44675,
Nigeria,NGA,2003,9.503,54.77318,-1.2148051959763206
Nigeria,NGA,2006,6.726,70.19835,28.16190332567874
Nigeria,NGA,2008,7.199,51.07766,-27.238090353975565
Nigeria,NGA,2018,1.923,62.01601,21.415135305728562
North Macedonia,MKD,1994,-1.8,94.05875,
North Macedonia,MKD,2002,1.494,96.12893,2.2009435592116544
North Macedonia,MKD,2012,-0.456,97.6,1.5303093460002026
North Macedonia,MKD,2014,3.629,97.8,0.2049180327868827
Oman,OMN,2003,-2.195,81.36331,
Oman,OMN,2008,8.95,86.62114,6.462163351023942
Oman,OMN,2010,2.472,86.939,0.3669543023792965
Oman,OMN,2014,1.292,91.9812,5.79969863927583
Oman,OMN,2015,5.017,93.03861,1.1495936126078021
Oman,OMN,2016,5.046,94.89999,2.0006532771716934
Oman,OMN,2017,0.304,95.576,0.7123393795931854
Oman,OMN,2018,1.287,95.65153,0.07902611534276183
Pakistan,PAK,1981,6.208,25.72519,
Pakistan,PAK,1998,3.494,42.69931,65.98248642672802
Pakistan,PAK,2005,7.997,49.87364,16.801981109296626
Pakistan,PAK,2006,5.664,54.15121,8.576815327696142
Pakistan,PAK,2007,5.111,52.13683,-3.719916877203655
Pakistan,PAK,2008,4.445,55.52637,6.501239143231374
Pakistan,PAK,2009,1.063,54.89264,-1.1413135776748962
Pakistan,PAK,2010,2.265,55.37519,0.8790795997423384
Pakistan,PAK,2011,3.204,54.73802,-1.1506416501686156
Pakistan,PAK,2012,3.196,56.76434,3.7018511082425043
Pakistan,PAK,2013,3.856,55.59499,-2.060008096632493
Pakistan,PAK,2014,3.556,56.97715,2.486123299959231
Pakistan,PAK,2017,4.609,59.13205,3.7820424503506977
Pakistan,PAK,2018,6.096,57.01057,-3.5876990566029776
Pakistan,PAK,2019,3.12,57.99886,1.733520643628017
Palau,PLW,2013,-1.612,99.50313,8.248034027324636
Palau,PLW,2015,9.549,96.59374,-2.923918071722975
Palestine,PSE,1997,14.668,86.07696,
Palestine,PSE,2004,21.924,92.47751,7.435845782657746
Palestine,PSE,2006,-0.997,93.45087,1.0525369898043424
Palestine,PSE,2007,3.788,93.7617,0.3326132758314726
Palestine,PSE,2008,7.429,94.00984,0.26464963839178957
Palestine,PSE,2009,8.593,94.43018,0.44712340750712176
Palestine,PSE,2010,5.777,94.71748,0.3042459518768359
Palestine,PSE,2011,9.601,95.02582,0.32553653243307945
Palestine,PSE,2012,6.096,95.67101,0.6789628334698872
Palestine,PSE,2013,4.699,96.04603,0.391989172059537
Palestine,PSE,2014,-0.158,96.21293,0.17377084716567737
Palestine,PSE,2015,3.721,96.47712,0.2745888728261425
Palestine,PSE,2016,8.865,96.71919,0.25090923112132124
Palestine,PSE,2017,1.419,96.9244,0.21217092492193945
Palestine,PSE,2018,1.227,97.21861,0.303545856358145
Palestine,PSE,2019,1.363,97.37826,0.16421752995645633
Palestine,PSE,2020,-11.318,97.51446,0.13986694771501718
Panama,PAN,1980,4.5,88.07174,
Panama,PAN,1990,8.099,88.77986,0.8040263539700554
Panama,PAN,2000,2.737,91.89962,3.5140402338998955
Panama,PAN,2010,5.828,94.09412,2.3879315278996893
Panama,PAN,2018,3.685,95.41181,1.400395688912326
Panama,PAN,2019,3.282,95.73608,0.3398635871177724
Papua New Guinea,PNG,2000,-2.494,57.34326,
Papua New Guinea,PNG,2010,10.128,61.6,7.423261251627489
Paraguay,PRY,1982,-1.398,78.45861,
Paraguay,PRY,1992,1.696,90.27182,15.056613926757056
Paraguay,PRY,2007,5.422,94.55822,4.748325667965925
Paraguay,PRY,2008,6.496,93.29208,-1.3390057469355954
Paraguay,PRY,2009,-0.261,93.75424,0.49539039112429517
Paraguay,PRY,2010,11.095,93.87092,0.12445303807060437
Paraguay,PRY,2012,-0.708,94.19747,0.34787131094484725
Paraguay,PRY,2013,8.293,95.05904,0.9146423996313269
Paraguay,PRY,2014,5.301,95.03481,-0.025489422152802366
Paraguay,PRY,2015,2.957,95.55484,0.5471994945851932
Paraguay,PRY,2016,4.268,94.65024,-0.9466815077080359
Paraguay,PRY,2018,3.204,94.0208,-0.6650168029156633
Paraguay,PRY,2019,-0.402,93.21353,-0.8586078825110866
Paraguay,PRY,2020,-0.82,94.54455,1.4279257528386546
Peru,PER,1981,5.461,81.91846,
Peru,PER,1993,5.244,87.15063,6.38704633851761
Peru,PER,2004,4.959,87.66985,0.5957730885020496
Peru,PER,2005,6.285,87.90867,0.2724083593162341
Peru,PER,2006,7.529,88.69934,0.899422093406721
Peru,PER,2007,8.518,89.59081,1.0050469372150816
Peru,PER,2012,6.142,93.84173,4.744817018620551
Peru,PER,2014,2.384,93.70795,-0.14255917916261573
Peru,PER,2015,3.252,94.16234,0.48490016055202645
Peru,PER,2016,3.954,94.17367,0.012032411259110809
Peru,PER,2017,2.522,94.14961,-0.02554854238983051
Peru,PER,2018,3.97,94.40827,0.274732948973444
Peru,PER,2020,-10.953,94.49793,0.09497049358069276
Philippines,PHL,1980,5.149,83.31723,
Philippines,PHL,1990,3.037,93.5739,12.310382858383552
Philippines,PHL,1994,4.374,93.91597,0.36556133708225413
Philippines,PHL,2000,4.383,92.60006,-1.4011568000628638
Philippines,PHL,2003,5.087,92.59069,-0.010118783940316067
Philippines,PHL,2008,4.344,95.4201,3.0558255911042664
Philippines,PHL,2013,6.751,96.398,1.0248364862329717
Philippines,PHL,2015,6.348,98.18255,1.8512313533475933
Philippines,PHL,2019,6.119,96.27817,-1.9396318388552825
Poland,POL,1988,3.285,98.74274,
Poland,POL,1998,4.982,98.74274,0.0
Poland,POL,2008,4.2,98.74274,0.0
Poland,POL,2021,6.935,99.8,1.0707217563539428
Portugal,PRT,1981,3.523,79.43561,
Portugal,PRT,1991,3.37,87.94785,10.715899330287781
Portugal,PRT,2011,-1.696,94.47705,7.4239449855795225
Portugal,PRT,2018,2.849,96.13759,1.7576120338219647
Portugal,PRT,2021,5.503,96.78,0.6682193718398732
Puerto Rico,PRI,1990,3.781,89.6225,3.3159315823681146
Puerto Rico,PRI,2010,-0.413,91.96523,2.6139976010488564
Puerto Rico,PRI,2017,-2.886,92.39,0.46188108266569383
Puerto Rico,PRI,2021,0.206,92.4,0.010823682216698494
Qatar,QAT,1986,3.706,75.63504,
Qatar,QAT,1997,27.745,83.26216,10.084109164218047
Qatar,QAT,2004,19.225,86.73161,4.166898864982604
Qatar,QAT,2007,18.191,90.06062,3.8382891773829586
Qatar,QAT,2008,17.494,91.01076,1.0550005096567228
Qatar,QAT,2009,13.063,91.15142,0.15455315393475555
Qatar,QAT,2010,17.746,91.77885,0.6883381520551124
Qatar,QAT,2011,11.302,91.36408,-0.45192329169519985
Qatar,QAT,2012,4.73,90.17006,-1.306881216337974
Qatar,QAT,2013,5.556,90.63299,0.5133965753155723
Qatar,QAT,2014,5.334,91.32722,0.7659793635849343
Qatar,QAT,2016,3.064,93.1453,1.9907317883978148
Qatar,QAT,2017,-1.498,93.46397,0.34212139528242425
Romania,ROU,1992,-8.766,96.70998,
Romania,ROU,2002,5.679,97.29759,0.6076001670148212
Romania,ROU,2011,4.534,98.60429,1.3429931820510665
Romania,ROU,2018,6.03,98.8445,0.24361009039259862
Romania,ROU,2021,5.874,98.9,0.0561487993768095
Russia,RUS,2002,4.746,99.44097,1.4848236049927355
Russia,RUS,2010,4.512,99.68427,0.24466776621345776
Russia,RUS,2018,2.806,99.73006,0.045935030672339394
Russia,RUS,2020,-2.654,99.7,-0.030141363596880577
Rwanda,RWA,1991,-4.3,57.85349,
Rwanda,RWA,2000,8.374,64.8886,12.160217127782612
Rwanda,RWA,2010,7.328,65.85227,1.4851144885234202
Rwanda,RWA,2012,8.639,68.33103,3.7641223301793536
Rwanda,RWA,2014,6.154,70.80413,3.619292728354906
Rwanda,RWA,2018,8.539,73.21559,3.4058182764197475
Rwanda,RWA,2021,10.88,75.9,3.6664459031198193
Saint Vincent and the Grenadines,VCT,1980,2.91,96.9,
Samoa,WSM,1991,-2.443,97.94433,
Samoa,WSM,2011,3.849,98.97326,1.050525334136232
Samoa,WSM,2018,-0.61,99.09577,0.12378090809579412
Samoa,WSM,2021,-7.079,99.1,0.004268597943180019
Sao Tome and Principe,STP,1981,-10.314,57.32426,
Sao Tome and Principe,STP,1991,1.201,73.24242,27.768627104824372
Sao Tome and Principe,STP,2001,2.4,84.90851,15.928050984661635
Sao Tome and Principe,STP,2008,8.186,69.53639,-18.104333711662125
Sao Tome and Principe,STP,2012,2.943,90.1431,29.634425945896826
Sao Tome and Principe,STP,2018,4.378,92.81664,2.965884244051953
Sao Tome and Principe,STP,2021,,93.8,1.0594651993435455
Saudi Arabia,SAU,1992,3.988,70.82165,
Saudi Arabia,SAU,2000,5.625,79.35094,12.043337030413714
Saudi Arabia,SAU,2004,7.958,82.85774,4.419355334669017
Saudi Arabia,SAU,2013,2.85,94.42634,13.962002825565833
Saudi Arabia,SAU,2017,-0.07,95.32863,0.9555490554860047
Saudi Arabia,SAU,2020,-4.341,97.58507,2.3670118829988374
Senegal,SEN,1988,-0.592,26.86885,
Senegal,SEN,2002,0.069,39.27525,46.17391514709412
Senegal,SEN,2006,2.331,41.89115,6.660428641447225
Senegal,SEN,2009,2.752,48.03678,14.670473357737833
Senegal,SEN,2011,1.334,51.81455,7.864328125240694
Senegal,SEN,2013,2.412,43.5345,-15.980163872888975
Senegal,SEN,2017,7.407,51.90042,19.216759122075587
Senegal,SEN,2021,6.54,56.3,8.476964155588718
Serbia,SRB,2003,4.388,96.39724,
Serbia,SRB,2011,2.036,97.96241,1.6236668186765613
Serbia,SRB,2016,3.339,98.84151,0.8973850275835416
Serbia,SRB,2019,4.332,99.48253,0.6485331921780579
Seychelles,SYC,1987,4.875,84.22922,
Seychelles,SYC,1994,-2.437,87.81115,4.252597851434459
Seychelles,SYC,2002,1.213,91.83646,4.58405339185286
Seychelles,SYC,2010,6.321,93.95423,2.3060231197935988
Seychelles,SYC,2018,6.159,95.86771,2.036608676373608
Seychelles,SYC,2020,-8.458,96.2,0.3466130566798675
Sierra Leone,SLE,2004,6.598,34.82679,
Sierra Leone,SLE,2013,20.72,32.42617,-6.8930268910801225
Sierra Leone,SLE,2018,3.465,43.20633,33.24524604663457
Sierra Leone,SLE,2021,4.105,47.7,10.40048992821192
Singapore,SGP,1980,10.113,82.90605,
Singapore,SGP,1990,9.821,89.096,7.466222308263393
Singapore,SGP,2000,9.038,92.5494,3.8760438179042955
Singapore,SGP,2010,14.52,95.85733,3.5742317076069563
Singapore,SGP,2011,6.215,96.18604,0.3429158729958415
Singapore,SGP,2012,4.435,96.36979,0.19103603807786307
Singapore,SGP,2013,4.818,96.54802,0.18494385014224957
Singapore,SGP,2014,3.936,96.71669,0.17470063083635523
Singapore,SGP,2015,2.977,96.82549,0.11249351068569613
Singapore,SGP,2016,3.602,97.04956,0.2314163346862408
Singapore,SGP,2017,4.545,97.20222,0.1573010738018743
Singapore,SGP,2018,3.575,97.34486,0.1467456195959338
Singapore,SGP,2019,1.331,97.47958,0.13839456957460694
Singapore,SGP,2020,-3.901,97.13185,-0.3567208640004371
Slovenia,SVN,2001,3.216,99.6,0.07584060691776529
Slovenia,SVN,2004,4.359,99.7,0.10040160642570406
Slovenia,SVN,2014,2.768,99.7,0.0
Solomon Islands,SLB,1999,-0.486,76.6,
Solomon Islands,SLB,2009,2.569,76.6,0.0
South Africa,ZAF,1980,6.621,76.20049,
South Africa,ZAF,1996,4.3,82.4021,8.13854346605909
South Africa,ZAF,2007,5.36,88.71725,7.663821674447613
South Africa,ZAF,2009,-1.538,92.89486,4.708903849025958
South Africa,ZAF,2010,3.04,92.87732,-0.018881561369488153
South Africa,ZAF,2011,3.169,93.10214,0.24206124810666196
South Africa,ZAF,2012,2.396,93.72947,0.6738083571441011
South Africa,ZAF,2014,1.414,94.1399,0.43788789160974506
South Africa,ZAF,2015,1.322,94.36792,0.242213981531747
South Africa,ZAF,2017,1.158,87.04667,-7.758197913019583
South Africa,ZAF,2019,0.26,95.02297,9.163245417659272
South Sudan,SSD,2018,-2.149,34.52276,28.666094200500304
Spain,ESP,1981,-0.408,92.80977,
Spain,ESP,1991,2.525,96.49497,3.9707026533952083
Spain,ESP,2004,3.125,97.16512,0.6944921585031905
Spain,ESP,2005,3.653,97.75069,0.6026545328200017
Spain,ESP,2006,4.098,97.75214,0.001483365488263999
Spain,ESP,2007,3.607,97.93884,0.19099326111939874
Spain,ESP,2008,0.889,97.63061,-0.31471681714833055
Spain,ESP,2009,-3.766,97.67927,0.04984092591453493
Spain,ESP,2010,0.165,97.7489,0.07128431651874934
Spain,ESP,2011,-0.814,97.78375,0.0356525751184833
Spain,ESP,2012,-2.962,97.89454,0.11330103416979931
Spain,ESP,2013,-1.401,98.07913,0.1885600565669998
Spain,ESP,2014,1.398,98.09372,0.014875743697961852
Spain,ESP,2015,3.837,98.14326,0.0505027233139721
Spain,ESP,2016,3.038,98.25051,0.10927902741360018
Spain,ESP,2018,2.283,98.4365,0.18930181634679855
Spain,ESP,2020,-11.165,98.59446,0.16046893174788135
Sri Lanka,LKA,1981,5.345,86.77792,
Sri Lanka,LKA,2001,-1.948,90.68275,4.4997967224842395
Sri Lanka,LKA,2006,7.668,90.80883,0.13903416030061067
Sri Lanka,LKA,2008,5.95,90.55795,-0.2762726928647763
Sri Lanka,LKA,2010,8.016,91.18136,0.6884100181154595
Sri Lanka,LKA,2016,5.054,92.3869,1.3221342607743436
Sri Lanka,LKA,2017,6.461,91.89575,-0.5316229898394531
Sri Lanka,LKA,2018,2.31,91.70982,-0.2023270934727761
Sri Lanka,LKA,2019,-0.22,92.25296,0.5922375597291696
Sri Lanka,LKA,2020,-4.625,92.3823,0.14020146345439244
Sudan,SDN,2000,8.385,61.34587,
Sudan,SDN,2008,3.847,53.51738,-12.761233967339603
Sudan,SDN,2018,-2.29,60.69718,13.415828652299489
Suriname,SUR,2004,7.305,89.59806,
Suriname,SUR,2008,4.149,94.62094,5.606014237361845
Suriname,SUR,2010,5.163,94.67575,0.05792586714947756
Suriname,SUR,2012,2.697,92.86866,-1.9087147447999997
Suriname,SUR,2018,4.948,94.38327,1.6309161777503745
Suriname,SUR,2021,-2.742,95.0,0.6534314820836329
Syria,SYR,1981,8.463,55.6545,
Syria,SYR,2002,5.897,82.88825,48.93359925971845
Syria,SYR,2004,6.903,80.84452,-2.465645009998396
Tajikistan,TJK,2000,8.3,99.45068,1.79812438878042
Tajikistan,TJK,2010,6.5,99.7,0.25069712947161094
Tajikistan,TJK,2014,6.7,99.8,0.10030090270811698
Tanzania,TZA,1988,4.4,59.1138,
Tanzania,TZA,2002,7.164,69.4309,17.452946689267137
Tanzania,TZA,2010,6.359,67.8007,-2.3479459433767835
Tanzania,TZA,2012,5.141,78.10059,15.191421327508392
Tanzania,TZA,2015,6.161,77.88723,-0.2731861564682081
Tanzania,TZA,2021,4.947,81.8,5.0236348115088925
Thailand,THA,1980,4.601,87.98176,
Thailand,THA,2000,4.455,92.64654,5.301985320593738
Thailand,THA,2005,4.188,93.50647,0.9281836105266228
Thailand,THA,2010,7.513,96.43091,3.127526897336619
Thailand,THA,2013,2.687,93.70207,-2.8298395192993486
Thailand,THA,2015,3.134,92.86831,-0.8897989126601114
Thailand,THA,2018,4.223,93.76776,0.9685219855944505
Thailand,THA,2021,1.468,94.1,0.3543222105337751
Togo,TGO,2000,-0.97,53.1776,
Togo,TGO,2006,2.65,56.88837,6.978069713563606
Togo,TGO,2009,5.454,57.09338,0.3603724276157072
Togo,TGO,2011,5.823,60.40994,5.809009731075654
Togo,TGO,2015,5.468,63.74562,5.521740296381683
Togo,TGO,2019,4.923,66.53708,4.379061651608374
Tonga,TON,1996,0.09,98.90537,
Tonga,TON,2006,-2.194,99.01846,0.11434161764927175
Tonga,TON,2011,6.818,99.38553,0.37070865371970907
Tonga,TON,2018,0.241,99.41437,0.029018308802108983
Tonga,TON,2021,-2.667,99.4,-0.014454650771311695
Trinidad and Tobago,TTO,1980,10.4,94.97032,
Trinidad and Tobago,TTO,1990,1.509,96.93855,2.0724685354329697
Trinidad and Tobago,TTO,2000,6.901,97.9,0.9918138862196724
Trinidad and Tobago,TTO,2010,3.461,98.7,0.8171603677221695
Tunisia,TUN,1984,5.731,48.1907,
Tunisia,TUN,2004,6.236,74.297,54.17290058040243
Tunisia,TUN,2007,6.71,77.1904,3.8943698938046056
Tunisia,TUN,2008,4.238,77.71462,0.6791259016665219
Tunisia,TUN,2010,3.511,79.13058,1.8219995156638413
Tunisia,TUN,2011,-2.047,79.65391,0.6613498852150457
Tunisia,TUN,2012,4.217,80.21875,0.7091177319481279
Tunisia,TUN,2014,3.09,79.03643,-1.4738698870276679
Tunisia,TUN,2021,4.405,82.7,4.635292864315876
Turkey,TUR,1980,-0.779,65.69434,
Turkey,TUR,1985,4.258,75.96824,15.638942411172717
Turkey,TUR,1990,9.255,79.23245,4.29680877166565
Turkey,TUR,2004,9.796,87.36549,10.264784188801436
Turkey,TUR,2005,8.992,88.22906,0.9884566549103191
Turkey,TUR,2006,6.948,88.11939,-0.12430144897838113
Turkey,TUR,2007,5.044,88.6559,0.6088444325363707
Turkey,TUR,2009,-4.823,90.81672,2.437310996786457
Turkey,TUR,2010,8.427,92.6606,2.030330978700845
Turkey,TUR,2011,11.2,94.10609,1.5599834233751997
Turkey,TUR,2012,4.788,94.91975,0.8646199199222826
Turkey,TUR,2013,8.486,95.25666,0.3549419377948171
Turkey,TUR,2014,4.94,95.43963,0.19208105763943717
Turkey,TUR,2015,6.084,95.60142,0.16952077454617243
Turkey,TUR,2016,3.323,96.16733,0.5919472744233323
Turkey,TUR,2017,7.502,96.15053,-0.017469550210036378
Turkey,TUR,2019,0.819,96.74221,0.615368422826168
Turkmenistan,TKM,1995,-7.2,98.77832,
Turkmenistan,TKM,2005,13.04,99.4,0.629368873655678
Turkmenistan,TKM,2014,3.842,99.7,0.3018108651911433
Uganda,UGA,1991,1.778,56.10738,
Uganda,UGA,2002,7.057,68.14251,21.450172864960003
Uganda,UGA,2006,7.049,71.37314,4.740990609239382
Uganda,UGA,2010,7.484,73.21188,2.576235261612414
Uganda,UGA,2012,2.333,70.19822,-4.116353793947081
Uganda,UGA,2018,5.565,76.5275,9.016296994425211
Uganda,UGA,2021,5.717,79.0,3.2308647218320274
Ukraine,UKR,2001,8.8,99.43041,
Ukraine,UKR,2012,0.224,99.97435,0.5470559761344695
Ukraine,UKR,2021,3.433,100.0,0.025656580913002713
United Arab Emirates,ARE,1985,-2.522,71.2353,
United Arab Emirates,ARE,2005,4.855,90.03385,26.389374369168106
United Arab Emirates,ARE,2019,1.108,95.52648,6.100627708356354
United Arab Emirates,ARE,2021,4.355,98.12636,2.7216327870554835
Uruguay,URY,1985,0.298,95.37998,
Uruguay,URY,1996,5.578,96.78181,1.4697319081006244
Uruguay,URY,2006,4.099,97.78963,1.041332043697074
Uruguay,URY,2007,6.542,97.86389,0.07593852231571052
Uruguay,URY,2008,7.176,98.16356,0.30621100387486777
Uruguay,URY,2009,4.243,98.26723,0.10560945426183466
Uruguay,URY,2010,7.803,98.07271,-0.197950018536186
Uruguay,URY,2011,5.162,98.3359,0.26836211622989214
Uruguay,URY,2012,3.538,98.39594,0.06105603345267774
Uruguay,URY,2013,4.638,98.36387,-0.03259280819919441
Uruguay,URY,2014,3.239,98.43593,0.073258606030846
Uruguay,URY,2015,0.371,98.52387,0.08933729787488076
Uruguay,URY,2016,1.69,98.56147,0.03816334051838233
Uruguay,URY,2017,1.74,98.61572,0.05504179270052756
Uruguay,URY,2018,0.156,98.70386,0.08937723113515705
Uruguay,URY,2019,0.744,98.77035,0.06736312034807401
Uzbekistan,UZB,2000,3.8,98.64258,
Uzbekistan,UZB,2013,7.297,99.99486,1.3708887176308693
Uzbekistan,UZB,2014,6.874,99.98055,-0.014310735571820832
Uzbekistan,UZB,2015,7.219,99.98383,0.003280638084102172
Uzbekistan,UZB,2016,5.932,99.98657,0.0027404431296673692
Uzbekistan,UZB,2018,5.88,99.99289,0.006320848890006836
Uzbekistan,UZB,2019,5.982,99.99995,0.007060502001698943
Vanuatu,VUT,1984,9.577,58.2,
Vanuatu,VUT,1994,9.079,68.7,18.041237113402065
Vanuatu,VUT,1999,0.337,74.0,7.714701601164475
Vanuatu,VUT,2004,3.987,78.4,5.945945945945952
Vanuatu,VUT,2014,3.137,84.7,8.03571428571428
Vanuatu,VUT,2018,2.9,87.50631,3.313234946871302
Vanuatu,VUT,2021,,89.1,1.821228663395802
Venezuela,VEN,1981,-1.288,84.7322,
Venezuela,VEN,1990,6.468,89.82525,6.0107609621843805
Venezuela,VEN,2001,3.394,92.97983,3.511907843284612
Venezuela,VEN,2007,8.754,95.15464,2.3390126654350585
Venezuela,VEN,2009,-3.202,95.51199,0.37554658396059537
Venezuela,VEN,2011,4.176,94.77022,-0.7766250080225579
Venezuela,VEN,2015,-6.221,96.60522,1.936262256223542
Venezuela,VEN,2016,-17.04,97.12709,0.5402089038252678
Venezuela,VEN,2021,,97.5,0.38394025806807175
Vietnam,VNM,1989,7.8,87.59645,
Vietnam,VNM,1999,4.774,90.2783,3.0615966742944423
Vietnam,VNM,2000,6.787,90.15613,-0.1353259864219858
Vietnam,VNM,2009,5.398,93.52045,3.7316597329543733
Vietnam,VNM,2019,7.359,95.75387,2.388162161324092
Yemen,YEM,1994,6.722,37.09,
Yemen,YEM,2004,3.973,54.1,45.86141817201401
Zambia,ZMB,1990,-0.579,64.99828,
Zambia,ZMB,1999,4.65,68.00179,4.6209068916900575
Zambia,ZMB,2002,4.506,69.14922,1.6873526417466422
Zambia,ZMB,2007,8.352,61.12709,-11.601186535437414
Zambia,ZMB,2010,10.298,83.00767,35.79522597918534
Zambia,ZMB,2018,4.035,86.74796,4.505957100108948
Zambia,ZMB,2020,-2.785,87.5,0.8669252856205345
Zimbabwe,ZWE,2011,14.197,83.58271,0.08397537233313379
Zimbabwe,ZWE,2014,2.394,88.69342,6.114554074640544
Zimbabwe,ZWE,2021,8.427,89.7,1.134898169447074
